trial,filter,tagp_total_deg,tagp_heading_deg,tagp_inclination_deg,zero_shot_total_deg
01_undisturbed_slow_rotation_A.hdf5,Complementary,2.537681853431444,2.200143194570274,1.26462785319061,
01_undisturbed_slow_rotation_A.hdf5,Mahony,3.326551255957073,3.1940934560504854,0.9296541510441831,
01_undisturbed_slow_rotation_A.hdf5,Madgwick,1.5790405184739782,1.3818091581137928,0.7641990409527866,
01_undisturbed_slow_rotation_A.hdf5,MEKF,1.4904642854552643,1.3774328179855848,0.5693656799866048,
01_undisturbed_slow_rotation_A.hdf5,ARBITER,2.189349556394913,1.956305261489664,0.9829740168252553,
01_undisturbed_slow_rotation_A.hdf5,VQF,2.7966511934258333,2.7318238054697264,0.5987358023219667,
02_undisturbed_slow_rotation_B.hdf5,Complementary,1.7171805766237096,1.1047600459852054,1.3146379458697222,
02_undisturbed_slow_rotation_B.hdf5,Mahony,1.3767710238653315,1.2245406528965603,0.6292978690971104,
02_undisturbed_slow_rotation_B.hdf5,Madgwick,1.7034599683637943,1.5150636526485453,0.7787116821487406,
02_undisturbed_slow_rotation_B.hdf5,MEKF,1.5545898643530396,1.5022167131171205,0.40012959726306396,
02_undisturbed_slow_rotation_B.hdf5,ARBITER,1.8923138975494007,1.792354516591595,0.6069179255930123,
02_undisturbed_slow_rotation_B.hdf5,VQF,1.7839716469390385,1.731670863016348,0.4288170864049475,
03_undisturbed_slow_rotation_C.hdf5,Complementary,4.773782766459091,4.365074717486184,1.9330756548913572,
03_undisturbed_slow_rotation_C.hdf5,Mahony,4.699410022238371,4.618830149186494,0.8667954053879732,
03_undisturbed_slow_rotation_C.hdf5,Madgwick,4.208815048637804,4.114140309541166,0.8878806179187511,
03_undisturbed_slow_rotation_C.hdf5,MEKF,3.7567152777874675,3.7234440252446803,0.4989637753872877,
03_undisturbed_slow_rotation_C.hdf5,ARBITER,4.6516973626561695,4.5007200963461695,1.175807616186566,
03_undisturbed_slow_rotation_C.hdf5,VQF,4.387049512900811,4.366875687223472,0.4203443526625674,
04_undisturbed_slow_rotation_with_breaks_A.hdf5,Complementary,4.739703599617537,4.508244141810019,1.4633271914617672,
04_undisturbed_slow_rotation_with_breaks_A.hdf5,Mahony,5.913255277916495,5.780127384278541,1.2483281326091176,
04_undisturbed_slow_rotation_with_breaks_A.hdf5,Madgwick,4.102109470800402,4.040749794005128,0.7069988803465197,
04_undisturbed_slow_rotation_with_breaks_A.hdf5,MEKF,1.8995221875328188,1.7461636058156578,0.7477573696834414,
04_undisturbed_slow_rotation_with_breaks_A.hdf5,ARBITER,2.9983729523789355,2.683482417604518,1.3379069999534439,
04_undisturbed_slow_rotation_with_breaks_A.hdf5,VQF,3.6920996410284603,3.607194599528758,0.7873998248999933,
05_undisturbed_slow_rotation_with_breaks_B.hdf5,Complementary,1.565302737475614,1.2373867179724494,0.9586859020227694,
05_undisturbed_slow_rotation_with_breaks_B.hdf5,Mahony,1.269295992571726,1.0480271189545596,0.7160755286888522,
05_undisturbed_slow_rotation_with_breaks_B.hdf5,Madgwick,1.5389441047403931,1.3789803508876484,0.683217382555326,
05_undisturbed_slow_rotation_with_breaks_B.hdf5,MEKF,2.230673283727181,2.1986503276853107,0.37663672463675996,
05_undisturbed_slow_rotation_with_breaks_B.hdf5,ARBITER,2.327754546251115,2.2074997089368114,0.738564730527104,
05_undisturbed_slow_rotation_with_breaks_B.hdf5,VQF,2.1466819907374317,2.117444871409316,0.3531090553690811,
06_undisturbed_fast_rotation_A.hdf5,Complementary,2.9732770899659156,2.7570251058037134,1.1132571276631293,
06_undisturbed_fast_rotation_A.hdf5,Mahony,4.930694517402287,4.574684476290455,1.8400207495463605,
06_undisturbed_fast_rotation_A.hdf5,Madgwick,5.093555820384043,4.8851712343308265,1.4425379318257383,
06_undisturbed_fast_rotation_A.hdf5,MEKF,2.2603101432346095,1.9588009586286328,1.1279446409719431,
06_undisturbed_fast_rotation_A.hdf5,ARBITER,4.980211805529827,3.9404501235457676,3.0462940383601,
06_undisturbed_fast_rotation_A.hdf5,VQF,1.565632390052122,1.3433576072718632,0.804132556005458,
07_undisturbed_fast_rotation_B.hdf5,Complementary,3.473785681251502,2.9910640767362167,1.766797564769128,
07_undisturbed_fast_rotation_B.hdf5,Mahony,2.7324359104214815,1.9144164494792717,1.9497630916207072,
07_undisturbed_fast_rotation_B.hdf5,Madgwick,3.7008281819497437,2.784952209856449,2.43747594057221,
07_undisturbed_fast_rotation_B.hdf5,MEKF,2.794213145526434,2.231683036237742,1.681680364104685,
07_undisturbed_fast_rotation_B.hdf5,ARBITER,4.811501057071746,2.936048343597454,3.812476175768809,
07_undisturbed_fast_rotation_B.hdf5,VQF,2.803824161099672,2.6106331749387173,1.0228860104095845,
08_undisturbed_fast_rotation_with_breaks_A.hdf5,Complementary,7.3701539254712145,6.906856234485418,2.5732932540303675,
08_undisturbed_fast_rotation_with_breaks_A.hdf5,Mahony,6.838411917788954,6.464658761767551,2.2309806415030953,
08_undisturbed_fast_rotation_with_breaks_A.hdf5,Madgwick,6.779657664646907,6.566534251915954,1.6873274902046973,
08_undisturbed_fast_rotation_with_breaks_A.hdf5,MEKF,3.0789286174509662,2.6223790091461834,1.6134811984935276,
08_undisturbed_fast_rotation_with_breaks_A.hdf5,ARBITER,12.038114198552439,10.092811707775564,6.5834360246535155,
08_undisturbed_fast_rotation_with_breaks_A.hdf5,VQF,7.98019675638875,7.783389647133706,1.7628999511986032,
09_undisturbed_fast_rotation_with_breaks_B.hdf5,Complementary,1.8042621623092439,1.332721087443725,1.216249812443865,
09_undisturbed_fast_rotation_with_breaks_B.hdf5,Mahony,2.081096092171227,1.2648540082304753,1.6526350275895723,
09_undisturbed_fast_rotation_with_breaks_B.hdf5,Madgwick,2.2229842023522264,1.3283737927074375,1.7824682582877323,
09_undisturbed_fast_rotation_with_breaks_B.hdf5,MEKF,2.5742388539107632,2.2031382950269274,1.3315713495055594,
09_undisturbed_fast_rotation_with_breaks_B.hdf5,ARBITER,6.182058335370645,4.624691045758411,4.105588414956493,
09_undisturbed_fast_rotation_with_breaks_B.hdf5,VQF,3.242388674419254,3.1223327839187425,0.8742540216685116,
10_undisturbed_slow_translation_A.hdf5,Complementary,2.0824026164933005,1.9591154127015435,0.7059122412044178,
10_undisturbed_slow_translation_A.hdf5,Mahony,3.5834863056181887,1.9536941282406841,3.0041796664171216,
10_undisturbed_slow_translation_A.hdf5,Madgwick,3.110620178924553,1.5916360205222961,2.6726523327334655,
10_undisturbed_slow_translation_A.hdf5,MEKF,2.877351073717245,2.532808506934789,1.3654996170026965,
10_undisturbed_slow_translation_A.hdf5,ARBITER,16.477893393506147,15.403832398417423,5.876578531339519,
10_undisturbed_slow_translation_A.hdf5,VQF,1.7411298659745782,1.7152577630548274,0.29904873834907536,
11_undisturbed_slow_translation_B.hdf5,Complementary,2.7036844353003064,1.9712713543732636,1.8504989261334939,
11_undisturbed_slow_translation_B.hdf5,Mahony,3.21506349407819,1.837072337153454,2.638637256382459,
11_undisturbed_slow_translation_B.hdf5,Madgwick,3.1955291669517587,1.352606277026491,2.895209050345995,
11_undisturbed_slow_translation_B.hdf5,MEKF,2.7488603020233984,2.519188799185056,1.1000604674509595,
11_undisturbed_slow_translation_B.hdf5,ARBITER,5.398527712654999,4.463802525679656,3.0372262427925825,
11_undisturbed_slow_translation_B.hdf5,VQF,2.052967800020209,2.0095825298466794,0.4198490625918256,
12_undisturbed_slow_translation_C.hdf5,Complementary,2.7208642190471326,0.9009928105291606,2.5673820455008007,
12_undisturbed_slow_translation_C.hdf5,Mahony,2.405624996350806,1.6868437834866783,1.7151693479981305,
12_undisturbed_slow_translation_C.hdf5,Madgwick,2.5807556351464735,0.8773139903754015,2.4270826106518375,
12_undisturbed_slow_translation_C.hdf5,MEKF,1.7540884735920985,1.5887742088272556,0.7434076323271706,
12_undisturbed_slow_translation_C.hdf5,ARBITER,4.46475637205723,3.5021998591741026,2.7708397829336304,
12_undisturbed_slow_translation_C.hdf5,VQF,1.3549386174488294,1.3308423545243042,0.2544013049503423,
13_undisturbed_slow_translation_with_breaks_A.hdf5,Complementary,6.576079719131611,6.543322216581693,0.6559016322325556,
13_undisturbed_slow_translation_with_breaks_A.hdf5,Mahony,8.53571050497927,8.315281166590527,1.9290160491780262,
13_undisturbed_slow_translation_with_breaks_A.hdf5,Madgwick,3.922172960189193,3.519784553862589,1.7307442813012384,
13_undisturbed_slow_translation_with_breaks_A.hdf5,MEKF,1.5326985213690092,1.3980478992011203,0.6282077768586667,
13_undisturbed_slow_translation_with_breaks_A.hdf5,ARBITER,1.7569772619693433,1.5418219390322614,0.8424958942486981,
13_undisturbed_slow_translation_with_breaks_A.hdf5,VQF,2.4729160091205453,2.439782858454116,0.40348156398103285,
14_undisturbed_slow_translation_with_breaks_B.hdf5,Complementary,2.2772027621934487,1.6384927222981958,1.5815097771580626,
14_undisturbed_slow_translation_with_breaks_B.hdf5,Mahony,2.4538617459015066,1.5946047299991564,1.865177406688492,
14_undisturbed_slow_translation_with_breaks_B.hdf5,Madgwick,2.6252709381364236,1.2310149603490754,2.318795709263394,
14_undisturbed_slow_translation_with_breaks_B.hdf5,MEKF,2.172110085858627,2.0288096820607016,0.7759236196169,
14_undisturbed_slow_translation_with_breaks_B.hdf5,ARBITER,3.457776000426475,2.7940620171758894,2.0372962250070614,
14_undisturbed_slow_translation_with_breaks_B.hdf5,VQF,2.2720237694924443,2.2342299167878257,0.4127114390925832,
15_undisturbed_fast_translation_A.hdf5,Complementary,20.814796624721904,18.187084421499634,10.204117275080597,
15_undisturbed_fast_translation_A.hdf5,Mahony,10.716694144150553,7.973540690787435,7.167161726206367,
15_undisturbed_fast_translation_A.hdf5,Madgwick,16.56865977733199,15.965912185335249,4.452265402435599,
15_undisturbed_fast_translation_A.hdf5,MEKF,14.25989002554925,13.085486188696073,5.68265584647087,
15_undisturbed_fast_translation_A.hdf5,ARBITER,5.297557380701095,5.205227614514747,0.9851407127970582,
15_undisturbed_fast_translation_A.hdf5,VQF,2.0437118636167533,1.988826464130267,0.47047108322920633,
16_undisturbed_fast_translation_B.hdf5,Complementary,25.97759421668174,6.259375871130651,25.223655849662777,
16_undisturbed_fast_translation_B.hdf5,Mahony,17.62863594893002,14.042225935956296,10.71449952324387,
16_undisturbed_fast_translation_B.hdf5,Madgwick,3.9221760112948947,2.7644833586108026,2.782575106514347,
16_undisturbed_fast_translation_B.hdf5,MEKF,22.604419248792624,19.68785184636202,11.36133949722083,
16_undisturbed_fast_translation_B.hdf5,ARBITER,4.881118874762378,3.300960605773374,3.5961784247003297,
16_undisturbed_fast_translation_B.hdf5,VQF,2.313747584193649,2.24997983584086,0.5394972927417787,
17_undisturbed_fast_translation_with_breaks_A.hdf5,Complementary,19.125623804290786,17.14723805329708,8.533879394741708,
17_undisturbed_fast_translation_with_breaks_A.hdf5,Mahony,8.273480362201864,5.497560505154365,6.184823475876072,
17_undisturbed_fast_translation_with_breaks_A.hdf5,Madgwick,10.857788169779825,9.953767095665825,4.344573170288279,
17_undisturbed_fast_translation_with_breaks_A.hdf5,MEKF,13.804587701510691,12.257839018383041,6.370847984827455,
17_undisturbed_fast_translation_with_breaks_A.hdf5,ARBITER,3.77960848271231,3.5963015992127905,1.162866273857736,
17_undisturbed_fast_translation_with_breaks_A.hdf5,VQF,2.112652740230102,2.0394602893306533,0.5513048229797194,
18_undisturbed_fast_translation_with_breaks_B.hdf5,Complementary,28.701738568603197,4.843778637394046,28.306969415159482,
18_undisturbed_fast_translation_with_breaks_B.hdf5,Mahony,26.948378534723844,21.909864152086698,15.87234500224571,
18_undisturbed_fast_translation_with_breaks_B.hdf5,Madgwick,3.6428265656082854,1.6230639511235379,3.261382158525866,
18_undisturbed_fast_translation_with_breaks_B.hdf5,MEKF,29.200477259356568,25.321469579579972,14.773770201498708,
18_undisturbed_fast_translation_with_breaks_B.hdf5,ARBITER,3.5869283629430715,3.437329622036125,1.0252711511771841,
18_undisturbed_fast_translation_with_breaks_B.hdf5,VQF,2.766588796035082,2.697700964336677,0.6135887211335287,
19_undisturbed_slow_combined_240s.hdf5,Complementary,2.938342166351684,2.8795706968211845,0.5848095075258151,
19_undisturbed_slow_combined_240s.hdf5,Mahony,2.833343309127977,2.4655278530375444,1.396192922234859,
19_undisturbed_slow_combined_240s.hdf5,Madgwick,2.8505870399163324,2.1571720517523096,1.863575272402197,
19_undisturbed_slow_combined_240s.hdf5,MEKF,3.6818059618145007,3.618385089902167,0.6805587309477569,
19_undisturbed_slow_combined_240s.hdf5,ARBITER,3.8835627496726732,3.693046651949919,1.2016877563746529,
19_undisturbed_slow_combined_240s.hdf5,VQF,2.563125679755553,2.533028069703679,0.39167393229836805,
20_undisturbed_slow_combined_360s.hdf5,Complementary,2.9242081462291867,2.8663695100193296,0.5787813505944217,
20_undisturbed_slow_combined_360s.hdf5,Mahony,2.799077446014891,2.3733355942079317,1.4840470002346575,
20_undisturbed_slow_combined_360s.hdf5,Madgwick,2.718085619130306,1.9582562819906937,1.8850861737209454,
20_undisturbed_slow_combined_360s.hdf5,MEKF,4.035511645924988,3.934567790864311,0.897134501154642,
20_undisturbed_slow_combined_360s.hdf5,ARBITER,4.717506122761952,4.404119812878795,1.6913075437063463,
20_undisturbed_slow_combined_360s.hdf5,VQF,2.576962443884208,2.546962391486247,0.39210217964609667,
21_undisturbed_fast_combined.hdf5,Complementary,11.979858928544848,8.919857673377715,8.006823112435466,
21_undisturbed_fast_combined.hdf5,Mahony,15.65603878950083,13.006189107285904,8.737978890712567,
21_undisturbed_fast_combined.hdf5,Madgwick,6.526435280996141,4.974179507732823,4.226476693730003,
21_undisturbed_fast_combined.hdf5,MEKF,21.83035154523436,20.523886114935618,7.494275943323105,
21_undisturbed_fast_combined.hdf5,ARBITER,19.846863801058575,13.31522899251402,14.760676378122223,
21_undisturbed_fast_combined.hdf5,VQF,4.198002393318289,3.831247288051554,1.716277484608398,
22_undisturbed_fast_combined_240s.hdf5,Complementary,4.286531917867996,3.224859899396004,2.82426431377467,
22_undisturbed_fast_combined_240s.hdf5,Mahony,7.438774950143887,5.4079858732427555,5.109749214095097,
22_undisturbed_fast_combined_240s.hdf5,Madgwick,7.1856033363871745,6.510022250427816,3.0435933410349376,
22_undisturbed_fast_combined_240s.hdf5,MEKF,7.324581699166879,6.447941750207719,3.4763262016149428,
22_undisturbed_fast_combined_240s.hdf5,ARBITER,21.036605232310908,20.919186193943677,2.2239721581609766,
22_undisturbed_fast_combined_240s.hdf5,VQF,2.5691034084110416,2.3647602334327846,1.0041372582265973,
23_undisturbed_fast_combined_360s.hdf5,Complementary,5.631621749217168,4.251245483726713,3.6947373232949263,
23_undisturbed_fast_combined_360s.hdf5,Mahony,7.091124246868664,3.958726116164372,5.884450956713468,
23_undisturbed_fast_combined_360s.hdf5,Madgwick,7.730700843080395,7.0613418578276566,3.148671448479273,
23_undisturbed_fast_combined_360s.hdf5,MEKF,9.258095390188148,7.67919136493461,5.177404229364608,
23_undisturbed_fast_combined_360s.hdf5,ARBITER,32.83062733970693,32.63530244749219,3.668563546512946,
23_undisturbed_fast_combined_360s.hdf5,VQF,2.5557641581940787,2.4221484025623896,0.8156080003002523,
24_disturbed_tapping_A.hdf5,Complementary,4.682405226367923,4.112073669326168,2.2400442962919818,
24_disturbed_tapping_A.hdf5,Mahony,3.6677416874979722,3.5214859048200653,1.0255597542986494,
24_disturbed_tapping_A.hdf5,Madgwick,2.6467314304509255,2.3498698390595596,1.217977869767077,
24_disturbed_tapping_A.hdf5,MEKF,3.549040700585775,3.4919798806451126,0.6339471872650863,
24_disturbed_tapping_A.hdf5,ARBITER,4.339014432420778,3.4602106606200755,2.618480867517549,
24_disturbed_tapping_A.hdf5,VQF,3.52043185303776,3.467667175842138,0.607328686879965,
25_disturbed_tapping_B.hdf5,Complementary,2.9360985099432177,0.7625613290865868,2.8353614785246184,
25_disturbed_tapping_B.hdf5,Mahony,3.784156450991995,2.712850408515043,2.638517140769909,
25_disturbed_tapping_B.hdf5,Madgwick,2.6713069951356467,1.1810436452518516,2.3960834051674453,
25_disturbed_tapping_B.hdf5,MEKF,1.8357274290425376,1.4323221620023097,1.1482282811079845,
25_disturbed_tapping_B.hdf5,ARBITER,7.100211185432369,5.977923727153229,3.835623563492744,
25_disturbed_tapping_B.hdf5,VQF,1.2425131574052786,1.1821936447339445,0.3824395322515938,
26_disturbed_phone_vibration_A.hdf5,Complementary,3.3711762620746533,2.4203810529108285,2.3467587327241852,
26_disturbed_phone_vibration_A.hdf5,Mahony,3.152487516765226,2.8617259555092667,1.3224986191059374,
26_disturbed_phone_vibration_A.hdf5,Madgwick,4.702879432900864,4.299746689698813,1.9054662265799533,
26_disturbed_phone_vibration_A.hdf5,MEKF,1.621158807973197,1.020505151171782,1.2596694005278473,
26_disturbed_phone_vibration_A.hdf5,ARBITER,1.8307420140273543,0.9464323416354545,1.5671378116273011,
26_disturbed_phone_vibration_A.hdf5,VQF,2.7058172578564643,2.6470120846600653,0.5610964425706423,
27_disturbed_phone_vibration_B.hdf5,Complementary,4.20864257316129,2.1371532612309627,3.625828715747506,
27_disturbed_phone_vibration_B.hdf5,Mahony,5.59779505785937,5.045333370788376,2.425603877931995,
27_disturbed_phone_vibration_B.hdf5,Madgwick,8.83523292984095,8.708166002752337,1.4944664381938357,
27_disturbed_phone_vibration_B.hdf5,MEKF,2.5361970381871584,2.065935186264048,1.4711767383659569,
27_disturbed_phone_vibration_B.hdf5,ARBITER,4.541801504905064,4.285444158933486,1.5048074560542968,
27_disturbed_phone_vibration_B.hdf5,VQF,4.604511692038278,4.589614438759918,0.37019666243217897,
28_disturbed_stationary_magnet_A.hdf5,Complementary,7.47867982863999,6.67160429309588,3.380860370828026,
28_disturbed_stationary_magnet_A.hdf5,Mahony,8.761978281498823,6.957869960427806,5.32876638073585,
28_disturbed_stationary_magnet_A.hdf5,Madgwick,10.024665546336042,9.43664025974714,3.3862804494557324,
28_disturbed_stationary_magnet_A.hdf5,MEKF,8.143831520691508,7.421689096303818,3.3559648791939707,
28_disturbed_stationary_magnet_A.hdf5,ARBITER,9.83836810566825,6.856515916420041,7.064106102894646,
28_disturbed_stationary_magnet_A.hdf5,VQF,5.865970573598004,5.740824980468901,1.20568448293837,
29_disturbed_stationary_magnet_B.hdf5,Complementary,11.908407260351515,10.988538160218889,4.597177134455102,
29_disturbed_stationary_magnet_B.hdf5,Mahony,14.037128000835514,12.289061839353899,6.796768503931074,
29_disturbed_stationary_magnet_B.hdf5,Madgwick,10.72425236265521,10.193420451123554,3.3380770464962044,
29_disturbed_stationary_magnet_B.hdf5,MEKF,14.24481365317154,13.170928196252152,5.443502205061308,
29_disturbed_stationary_magnet_B.hdf5,ARBITER,14.222843162424946,13.543305921756948,4.358256445950286,
29_disturbed_stationary_magnet_B.hdf5,VQF,5.726114280216249,5.626717441691667,1.0626949290842853,
30_disturbed_stationary_magnet_C.hdf5,Complementary,24.61020977233785,22.37193433311255,10.350425553741657,
30_disturbed_stationary_magnet_C.hdf5,Mahony,18.903343535449363,16.425059295100723,9.393050420136568,
30_disturbed_stationary_magnet_C.hdf5,Madgwick,5.549276093513622,2.4846529252662113,4.9624006004884595,
30_disturbed_stationary_magnet_C.hdf5,MEKF,30.15779873164231,28.622471834570053,9.700219310508897,
30_disturbed_stationary_magnet_C.hdf5,ARBITER,6.872636284356469,6.239718097702169,2.8828417656650163,
30_disturbed_stationary_magnet_C.hdf5,VQF,4.08294856012107,3.886857112887938,1.2503504180565301,
31_disturbed_stationary_magnet_D.hdf5,Complementary,13.188950419342698,11.526507781570508,6.424089765028821,
31_disturbed_stationary_magnet_D.hdf5,Mahony,12.272801566303588,10.411789731525213,6.507958157567546,
31_disturbed_stationary_magnet_D.hdf5,Madgwick,3.0776577471889324,1.9327957603522323,2.395140113042806,
31_disturbed_stationary_magnet_D.hdf5,MEKF,14.395307596947177,13.12512047672328,5.934192683549166,
31_disturbed_stationary_magnet_D.hdf5,ARBITER,5.352478980402131,4.487181432260651,2.9187937776085895,
31_disturbed_stationary_magnet_D.hdf5,VQF,2.94897107403601,2.71918123334922,1.1413307930663887,
32_disturbed_attached_magnet_1cm.hdf5,Complementary,11.540988699964165,11.50376441380251,0.9274807076314557,
32_disturbed_attached_magnet_1cm.hdf5,Mahony,44.96929122474998,43.71986905336862,10.911818532722176,
32_disturbed_attached_magnet_1cm.hdf5,Madgwick,13.385761988251602,12.555444894129847,4.652363547178315,
32_disturbed_attached_magnet_1cm.hdf5,MEKF,33.713643103593824,33.40870774732883,4.659441770246765,
32_disturbed_attached_magnet_1cm.hdf5,ARBITER,6.265240736288872,3.988923284499985,4.832764952107757,
32_disturbed_attached_magnet_1cm.hdf5,VQF,3.6906636235379047,3.6480085778533504,0.559580024112026,
33_disturbed_attached_magnet_2cm.hdf5,Complementary,5.248570619924069,5.140227112732086,1.061433591482194,
33_disturbed_attached_magnet_2cm.hdf5,Mahony,12.384780241802039,10.005599638065554,7.315323693166435,
33_disturbed_attached_magnet_2cm.hdf5,Madgwick,6.477611079295216,4.4744265373866305,4.685595589385042,
33_disturbed_attached_magnet_2cm.hdf5,MEKF,10.47782194773202,9.363214468399997,4.713599103730922,
33_disturbed_attached_magnet_2cm.hdf5,ARBITER,6.3808128002055575,5.238227124194906,3.645291745617467,
33_disturbed_attached_magnet_2cm.hdf5,VQF,1.7391097527541106,1.6327302160769916,0.5989266616373748,
34_disturbed_attached_magnet_3cm.hdf5,Complementary,4.397039501751014,4.230767639756839,1.1980098192835398,
34_disturbed_attached_magnet_3cm.hdf5,Mahony,5.479618374728179,3.6565495446268903,4.082106526768425,
34_disturbed_attached_magnet_3cm.hdf5,Madgwick,3.9501544292428403,2.6352254705001523,2.942895717456873,
34_disturbed_attached_magnet_3cm.hdf5,MEKF,5.668444234719526,5.135753444059666,2.400103701423531,
34_disturbed_attached_magnet_3cm.hdf5,ARBITER,7.005791085760433,2.603279317465213,6.504572714806977,
34_disturbed_attached_magnet_3cm.hdf5,VQF,2.0624134657764457,1.958677768676775,0.6458795978292771,
35_disturbed_attached_magnet_4cm.hdf5,Complementary,3.2703975444066833,3.027704722015441,1.2364834418514694,
35_disturbed_attached_magnet_4cm.hdf5,Mahony,4.424466955819854,2.734175695354855,3.478951033698034,
35_disturbed_attached_magnet_4cm.hdf5,Madgwick,3.1618259847361814,1.7510868668794433,2.6327501824162254,
35_disturbed_attached_magnet_4cm.hdf5,MEKF,4.923812244454239,4.634418002798402,1.6637549207741795,
35_disturbed_attached_magnet_4cm.hdf5,ARBITER,6.413975388172406,3.412228794884842,5.432695371677832,
35_disturbed_attached_magnet_4cm.hdf5,VQF,1.5980312189194912,1.456153659158156,0.6582883666210491,
36_disturbed_attached_magnet_5cm.hdf5,Complementary,4.523915960155073,4.089657788426524,1.9342992455361185,
36_disturbed_attached_magnet_5cm.hdf5,Mahony,5.036927530074487,3.4508350158564056,3.669636782299055,
36_disturbed_attached_magnet_5cm.hdf5,Madgwick,2.6404890520706634,1.174245915249123,2.3650639353837426,
36_disturbed_attached_magnet_5cm.hdf5,MEKF,8.152109285538016,7.890675955072286,2.0494355353476092,
36_disturbed_attached_magnet_5cm.hdf5,ARBITER,4.324968319366362,3.20285042913895,2.906676009358081,
36_disturbed_attached_magnet_5cm.hdf5,VQF,1.7257003988488273,1.486210865760468,0.8770691088291657,
37_disturbed_office_A.hdf5,Complementary,8.212725927163472,8.05619301002013,1.5964440741013235,
37_disturbed_office_A.hdf5,Mahony,6.343844579025864,5.539224365102534,3.0932770110180736,
37_disturbed_office_A.hdf5,Madgwick,6.7333915766995664,6.2274175459935055,2.561796923502297,
37_disturbed_office_A.hdf5,MEKF,10.550961965269327,10.421433668509898,1.64964444234293,
37_disturbed_office_A.hdf5,ARBITER,7.4944392455230044,6.482722162728017,3.7629067330442636,
37_disturbed_office_A.hdf5,VQF,0.9804996180638955,0.763691010948898,0.6149489989337614,
38_disturbed_office_B.hdf5,Complementary,4.23607104746716,4.046340049829626,1.2537495057537085,
38_disturbed_office_B.hdf5,Mahony,4.595729967852579,3.1708554974559067,3.3270807984429447,
38_disturbed_office_B.hdf5,Madgwick,3.784223429857203,2.679890921199388,2.6720403396651453,
38_disturbed_office_B.hdf5,MEKF,7.8685122385687,7.694116652313563,1.6487026177866246,
38_disturbed_office_B.hdf5,ARBITER,6.367052143003698,2.810261779617353,5.713819547789498,
38_disturbed_office_B.hdf5,VQF,2.618996307078303,2.5607042370131143,0.5495276421761642,
39_disturbed_mixed.hdf5,Complementary,10.414371454704025,8.376240388637774,6.213622599368096,
39_disturbed_mixed.hdf5,Mahony,6.792412096068241,5.2559693400400365,4.309581737840815,
39_disturbed_mixed.hdf5,Madgwick,2.6577905069530297,1.7349674645752886,2.0134842756015465,
39_disturbed_mixed.hdf5,MEKF,12.870857719185404,11.802108925104234,5.200276092006304,
39_disturbed_mixed.hdf5,ARBITER,3.973786182576042,3.2998490915556595,2.2143178006744497,
39_disturbed_mixed.hdf5,VQF,2.6738514721920223,2.5765466509770323,0.7148315949836466,
